Song title,Artist,Stanza Number,Reinforce gender stereotype,Challenge gender stereotype,Self-awareness,Total stanzas,Year
I Will Survive,Gloria Gaynor,1,o,x,o,13,1978
I Will Survive,Gloria Gaynor,2,x,o,o,13,1978
I Will Survive,Gloria Gaynor,3,x,o,o,13,1978
I Will Survive,Gloria Gaynor,4,x,o,o,13,1978
I Will Survive,Gloria Gaynor,5,x,o,o,13,1978
I Will Survive,Gloria Gaynor,6,x,o,o,13,1978
I Will Survive,Gloria Gaynor,7,x,o,o,13,1978
I Will Survive,Gloria Gaynor,8,x,o,o,13,1978
I Will Survive,Gloria Gaynor,9,x,o,o,13,1978
I Will Survive,Gloria Gaynor,10,x,o,o,13,1978
I Will Survive,Gloria Gaynor,11,x,o,o,13,1978
I Will Survive,Gloria Gaynor,12,x,o,o,13,1978
I Will Survive,Gloria Gaynor,13,x,o,o,13,1978
It’s Raining Men,The Weather Girls,1,x,o,x,9,1982
It’s Raining Men,The Weather Girls,2,x,o,x,9,1982
It’s Raining Men,The Weather Girls,3,x,o,o,9,1982
It’s Raining Men,The Weather Girls,4,x,o,o,9,1982
It’s Raining Men,The Weather Girls,5,x,o,o,9,1982
It’s Raining Men,The Weather Girls,6,x,x,o,9,1982
It’s Raining Men,The Weather Girls,7,x,o,o,9,1982
It’s Raining Men,The Weather Girls,8,x,o,x,9,1982
It’s Raining Men,The Weather Girls,9,x,o,o,9,1982
I Feel Love,Donna Summer,1,x,x,o,3,1977
I Feel Love,Donna Summer,2,x,x,o,3,1977
I Feel Love,Donna Summer,3,x,o,o,3,1977
Upside Down,Diana Ross,1,o,x,o,12,1980
Upside Down,Diana Ross,2,o,x,o,12,1980
Upside Down,Diana Ross,3,o,x,o,12,1980
Upside Down,Diana Ross,4,o,x,o,12,1980
Upside Down,Diana Ross,5,o,x,o,12,1980
Upside Down,Diana Ross,6,o,x,o,12,1980
Upside Down,Diana Ross,7,o,x,o,12,1980
Upside Down,Diana Ross,8,o,x,o,12,1980
Upside Down,Diana Ross,9,o,x,o,12,1980
Upside Down,Diana Ross,10,o,x,o,12,1980
Upside Down,Diana Ross,11,o,x,o,12,1980
Upside Down,Diana Ross,12,o,x,o,12,1980
Ring My Bell,Anita Ward,1,o,o,o,9,1979
Ring My Bell,Anita Ward,2,x,o,o,9,1979
Ring My Bell,Anita Ward,3,x,o,o,9,1979
Ring My Bell,Anita Ward,4,x,o,o,9,1979
Ring My Bell,Anita Ward,5,x,o,o,9,1979
Ring My Bell,Anita Ward,6,x,o,o,9,1979
Ring My Bell,Anita Ward,7,x,o,o,9,1979
Ring My Bell,Anita Ward,8,x,o,o,9,1979
Ring My Bell,Anita Ward,9,x,o,o,9,1979
Got To Be Real,Cheryl Lynn,1,x,x,o,6,1978
Got To Be Real,Cheryl Lynn,2,x,x,o,6,1978
Got To Be Real,Cheryl Lynn,3,x,x,o,6,1978
Got To Be Real,Cheryl Lynn,4,x,x,o,6,1978
Got To Be Real,Cheryl Lynn,5,x,x,o,6,1978
Got To Be Real,Cheryl Lynn,6,x,x,o,6,1978
Young Hearts Run Free,Candi Staton,1,x,o,x,7,1976
Young Hearts Run Free,Candi Staton,2,o,x,o,7,1976
Young Hearts Run Free,Candi Staton,3,x,o,o,7,1976
Young Hearts Run Free,Candi Staton,4,x,o,o,7,1976
Young Hearts Run Free,Candi Staton,5,o,x,o,7,1976
Young Hearts Run Free,Candi Staton,6,x,o,o,7,1976
Young Hearts Run Free,Candi Staton,7,x,o,o,7,1976
I’m Every Woman,Chaka Khan,1,x,o,o,7,1978
I’m Every Woman,Chaka Khan,2,x,o,o,7,1978
I’m Every Woman,Chaka Khan,3,x,o,o,7,1978
I’m Every Woman,Chaka Khan,4,x,o,o,7,1978
I’m Every Woman,Chaka Khan,5,x,o,o,7,1978
I’m Every Woman,Chaka Khan,6,x,o,o,7,1978
I’m Every Woman,Chaka Khan,7,x,o,o,7,1978
Pull Up to the Bumper,Grace Jones,1,x,x,x,7,1981
Pull Up to the Bumper,Grace Jones,2,x,o,x,7,1981
Pull Up to the Bumper,Grace Jones,3,x,x,x,7,1981
Pull Up to the Bumper,Grace Jones,4,x,o,o,7,1981
Pull Up to the Bumper,Grace Jones,5,x,o,x,7,1981
Pull Up to the Bumper,Grace Jones,6,x,x,x,7,1981
Pull Up to the Bumper,Grace Jones,7,x,o,x,7,1981
Finally,CeCe Peniston,1,x,x,o,10,1991
Finally,CeCe Peniston,2,o,x,o,10,1991
Finally,CeCe Peniston,3,o,x,o,10,1991
Finally,CeCe Peniston,4,o,x,o,10,1991
Finally,CeCe Peniston,5,o,x,o,10,1991
Finally,CeCe Peniston,6,o,x,o,10,1991
Finally,CeCe Peniston,7,o,x,o,10,1991
Finally,CeCe Peniston,8,x,x,x,10,1991
Finally,CeCe Peniston,9,o,x,o,10,1991
Finally,CeCe Peniston,10,o,x,o,10,1991
Love Come Down,Evelyn “Champagne” King,1,o,x,o,8,1982
Love Come Down,Evelyn “Champagne” King,2,o,x,o,8,1982
Love Come Down,Evelyn “Champagne” King,3,o,x,o,8,1982
Love Come Down,Evelyn “Champagne” King,4,o,x,o,8,1982
Love Come Down,Evelyn “Champagne” King,5,o,x,o,8,1982
Love Come Down,Evelyn “Champagne” King,6,o,x,o,8,1982
Love Come Down,Evelyn “Champagne” King,7,o,x,o,8,1982
Love Come Down,Evelyn “Champagne” King,8,o,x,o,8,1982
Love Sensation,Loleatta Holloway,1,o,x,o,7,1980
Love Sensation,Loleatta Holloway,2,o,x,o,7,1980
Love Sensation,Loleatta Holloway,3,o,x,o,7,1980
Love Sensation,Loleatta Holloway,4,o,x,o,7,1980
Love Sensation,Loleatta Holloway,5,o,x,x,7,1980
Love Sensation,Loleatta Holloway,6,o,x,o,7,1980
Love Sensation,Loleatta Holloway,7,o,x,x,7,1980
Knock on Wood,Amii Stewart,1,o,x,o,6,1979
Knock on Wood,Amii Stewart,2,o,x,o,6,1979
Knock on Wood,Amii Stewart,3,o,x,x,6,1979
Knock on Wood,Amii Stewart,4,o,x,o,6,1979
Knock on Wood,Amii Stewart,5,o,x,x,6,1979
Knock on Wood,Amii Stewart,6,o,x,x,6,1979
Heart of Glass,Blondie,1,x,x,o,6,1979
Heart of Glass,Blondie,2,o,x,o,6,1979
Heart of Glass,Blondie,3,o,x,o,6,1979
Heart of Glass,Blondie,4,x,x,o,6,1979
Heart of Glass,Blondie,5,o,x,o,6,1979
Heart of Glass,Blondie,6,x,x,o,6,1979
Turn the Beat Around,Vicki Sue Robinson,1,x,x,x,5,1976
Turn the Beat Around,Vicki Sue Robinson,2,x,x,x,5,1976
Turn the Beat Around,Vicki Sue Robinson,3,x,x,x,5,1976
Turn the Beat Around,Vicki Sue Robinson,4,x,x,o,5,1976
Turn the Beat Around,Vicki Sue Robinson,5,x,x,x,5,1976
I’m Coming Out,Diana Ross,1,x,x,o,6,1980
I’m Coming Out,Diana Ross,2,x,x,o,6,1980
I’m Coming Out,Diana Ross,3,x,x,o,6,1980
I’m Coming Out,Diana Ross,4,x,x,o,6,1980
I’m Coming Out,Diana Ross,5,x,x,o,6,1980
I’m Coming Out,Diana Ross,6,x,x,o,6,1980
Hot Stuff,Donna Summer,1,o,x,x,8,1979
Hot Stuff,Donna Summer,2,x,o,o,8,1979
Hot Stuff,Donna Summer,3,o,x,o,8,1979
Hot Stuff,Donna Summer,4,x,o,o,8,1979
Hot Stuff,Donna Summer,5,x,x,x,8,1979
Hot Stuff,Donna Summer,6,x,o,o,8,1979
Hot Stuff,Donna Summer,7,o,x,o,8,1979
Hot Stuff,Donna Summer,8,x,o,o,8,1979
"More, More, More",Andrea True Connection,1,o,o,o,6,1976
"More, More, More",Andrea True Connection,2,x,o,o,6,1976
"More, More, More",Andrea True Connection,3,o,o,o,6,1976
"More, More, More",Andrea True Connection,4,x,o,o,6,1976
"More, More, More",Andrea True Connection,5,x,o,o,6,1976
"More, More, More",Andrea True Connection,6,x,o,o,6,1976
Bad Girls,Donna Summer,1,x,o,x,9,1979
Bad Girls,Donna Summer,2,o,o,x,9,1979
Bad Girls,Donna Summer,3,x,o,x,9,1979
Bad Girls,Donna Summer,4,o,x,x,9,1979
Bad Girls,Donna Summer,5,o,o,x,9,1979
Bad Girls,Donna Summer,6,o,o,x,9,1979
Bad Girls,Donna Summer,7,o,o,x,9,1979
Bad Girls,Donna Summer,8,o,o,x,9,1979
Bad Girls,Donna Summer,9,o,o,x,9,1979
Boogie Wonderland,The Emotions,1,x,o,o,7,1979
Boogie Wonderland,The Emotions,2,x,x,o,7,1979
Boogie Wonderland,The Emotions,3,x,o,o,7,1979
Boogie Wonderland,The Emotions,4,x,x,o,7,1979
Boogie Wonderland,The Emotions,5,x,x,o,7,1979
Boogie Wonderland,The Emotions,6,x,o,o,7,1979
Boogie Wonderland,The Emotions,7,x,x,o,7,1979
Saturday,Norma Jean Wright,1,x,x,o,7,1978
Saturday,Norma Jean Wright,2,x,x,o,7,1978
Saturday,Norma Jean Wright,3,x,x,o,7,1978
Saturday,Norma Jean Wright,4,x,x,o,7,1978
Saturday,Norma Jean Wright,5,x,x,o,7,1978
Saturday,Norma Jean Wright,6,x,x,o,7,1978
Saturday,Norma Jean Wright,7,x,x,o,7,1978
Best of My Love,The Emotions,1,o,x,o,6,1977
Best of My Love,The Emotions,2,o,x,x,6,1977
Best of My Love,The Emotions,3,o,x,o,6,1977
Best of My Love,The Emotions,4,o,x,x,6,1977
Best of My Love,The Emotions,5,o,x,o,6,1977
Best of My Love,The Emotions,6,o,x,x,6,1977
Funkytown,"Lipps, Inc.",1,x,x,o,7,1980
Funkytown,"Lipps, Inc.",2,x,x,o,7,1980
Funkytown,"Lipps, Inc.",3,x,x,o,7,1980
Funkytown,"Lipps, Inc.",4,x,x,o,7,1980
Funkytown,"Lipps, Inc.",5,x,x,o,7,1980
Funkytown,"Lipps, Inc.",6,x,x,o,7,1980
Funkytown,"Lipps, Inc.",7,x,x,o,7,1980
Rough Diamond,Madleen Kane,1,x,o,o,11,1978
Rough Diamond,Madleen Kane,2,o,o,o,11,1978
Rough Diamond,Madleen Kane,3,o,x,o,11,1978
Rough Diamond,Madleen Kane,4,o,x,o,11,1978
Rough Diamond,Madleen Kane,5,o,o,o,11,1978
Rough Diamond,Madleen Kane,6,o,x,o,11,1978
Rough Diamond,Madleen Kane,7,o,x,o,11,1978
Rough Diamond,Madleen Kane,8,o,x,o,11,1978
Rough Diamond,Madleen Kane,9,o,x,o,11,1978
Rough Diamond,Madleen Kane,10,o,x,o,11,1978
Rough Diamond,Madleen Kane,11,o,x,o,11,1978
Can’t Take My Eyes Off You,Gloria Gaynor,1,o,x,o,7,1990
Can’t Take My Eyes Off You,Gloria Gaynor,2,o,x,o,7,1990
Can’t Take My Eyes Off You,Gloria Gaynor,3,o,x,o,7,1990
Can’t Take My Eyes Off You,Gloria Gaynor,4,o,o,x,7,1990
Can’t Take My Eyes Off You,Gloria Gaynor,5,o,x,o,7,1990
Can’t Take My Eyes Off You,Gloria Gaynor,6,o,x,o,7,1990
Can’t Take My Eyes Off You,Gloria Gaynor,7,o,o,x,7,1990
Boogie Oogie Oogie,A Taste of Honey,1,x,o,x,5,1978
Boogie Oogie Oogie,A Taste of Honey,2,x,x,o,5,1978
Boogie Oogie Oogie,A Taste of Honey,3,x,x,o,5,1978
Boogie Oogie Oogie,A Taste of Honey,4,x,x,o,5,1978
Boogie Oogie Oogie,A Taste of Honey,5,x,x,o,5,1978
Lady Marmalade,Labelle,1,x,x,o,8,1974
Lady Marmalade,Labelle,2,o,o,x,8,1974
Lady Marmalade,Labelle,3,o,o,x,8,1974
Lady Marmalade,Labelle,4,o,o,x,8,1974
Lady Marmalade,Labelle,5,o,o,x,8,1974
Lady Marmalade,Labelle,6,o,o,x,8,1974
Lady Marmalade,Labelle,7,o,o,x,8,1974
Lady Marmalade,Labelle,8,o,o,x,8,1974
Jump (For My Love),The Pointer Sisters,1,o,x,o,9,1983
Jump (For My Love),The Pointer Sisters,2,x,o,o,9,1983
Jump (For My Love),The Pointer Sisters,3,x,o,o,9,1983
Jump (For My Love),The Pointer Sisters,4,o,o,x,9,1983
Jump (For My Love),The Pointer Sisters,5,o,x,o,9,1983
Jump (For My Love),The Pointer Sisters,6,x,o,o,9,1983
Jump (For My Love),The Pointer Sisters,7,o,o,o,9,1983
Jump (For My Love),The Pointer Sisters,8,x,o,o,9,1983
Jump (For My Love),The Pointer Sisters,9,x,o,o,9,1983
Automatic,The Pointer Sisters,1,o,x,o,9,1983
Automatic,The Pointer Sisters,2,x,x,o,9,1983
Automatic,The Pointer Sisters,3,o,x,o,9,1983
Automatic,The Pointer Sisters,4,o,x,o,9,1983
Automatic,The Pointer Sisters,5,x,x,o,9,1983
Automatic,The Pointer Sisters,6,o,x,o,9,1983
Automatic,The Pointer Sisters,7,o,x,o,9,1983
Automatic,The Pointer Sisters,8,x,x,o,9,1983
Automatic,The Pointer Sisters,9,o,x,o,9,1983
Flashdance... What a Feeling,Irene Cara,1,x,x,o,6,1983
Flashdance... What a Feeling,Irene Cara,2,x,x,o,6,1983
Flashdance... What a Feeling,Irene Cara,3,x,x,o,6,1983
Flashdance... What a Feeling,Irene Cara,4,x,x,o,6,1983
Flashdance... What a Feeling,Irene Cara,5,x,x,o,6,1983
Flashdance... What a Feeling,Irene Cara,6,x,x,o,6,1983
Feels Like I’m In Love,Kelly Marie,1,o,x,o,4,1979
Feels Like I’m In Love,Kelly Marie,2,o,x,o,4,1979
Feels Like I’m In Love,Kelly Marie,3,o,x,o,4,1979
Feels Like I’m In Love,Kelly Marie,4,o,x,o,4,1979
I’m So Excited,The Pointer Sisters,1,x,o,o,8,1982
I’m So Excited,The Pointer Sisters,2,x,o,o,8,1982
I’m So Excited,The Pointer Sisters,3,x,o,o,8,1982
I’m So Excited,The Pointer Sisters,4,x,o,o,8,1982
I’m So Excited,The Pointer Sisters,5,x,o,o,8,1982
I’m So Excited,The Pointer Sisters,6,x,o,o,8,1982
I’m So Excited,The Pointer Sisters,7,x,o,o,8,1982
I’m So Excited,The Pointer Sisters,8,x,o,o,8,1982
Car Wash,Rose Royce,1,x,x,x,9,1976
Car Wash,Rose Royce,2,x,x,o,9,1976
Car Wash,Rose Royce,3,x,x,x,9,1976
Car Wash,Rose Royce,4,x,x,o,9,1976
Car Wash,Rose Royce,5,x,x,o,9,1976
Car Wash,Rose Royce,6,x,x,o,9,1976
Car Wash,Rose Royce,7,x,x,o,9,1976
Car Wash,Rose Royce,8,x,x,x,9,1976
Car Wash,Rose Royce,9,x,x,x,9,1976
Ain’t Nobody,Chaka Khan,1,o,x,o,10,1983
Ain’t Nobody,Chaka Khan,2,o,x,o,10,1983
Ain’t Nobody,Chaka Khan,3,o,x,o,10,1983
Ain’t Nobody,Chaka Khan,4,o,x,o,10,1983
Ain’t Nobody,Chaka Khan,5,o,x,o,10,1983
Ain’t Nobody,Chaka Khan,6,o,x,o,10,1983
Ain’t Nobody,Chaka Khan,7,o,x,o,10,1983
Ain’t Nobody,Chaka Khan,8,o,x,o,10,1983
Ain’t Nobody,Chaka Khan,9,o,x,o,10,1983
Ain’t Nobody,Chaka Khan,10,o,x,o,10,1983
Fly Robin Fly,Silver Convention,1,x,x,x,3,1975
Fly Robin Fly,Silver Convention,2,x,x,x,3,1975
Fly Robin Fly,Silver Convention,3,x,x,x,3,1975
He’s the Greatest Dancer,Sister Sledge,1,x,x,x,6,1979
He’s the Greatest Dancer,Sister Sledge,2,o,x,o,6,1979
He’s the Greatest Dancer,Sister Sledge,3,x,x,x,6,1979
He’s the Greatest Dancer,Sister Sledge,4,o,x,x,6,1979
He’s the Greatest Dancer,Sister Sledge,5,x,x,x,6,1979
He’s the Greatest Dancer,Sister Sledge,6,x,x,x,6,1979
We Are Family,Sister Sledge,1,x,x,o,8,1979
We Are Family,Sister Sledge,2,x,x,o,8,1979
We Are Family,Sister Sledge,3,x,x,o,8,1979
We Are Family,Sister Sledge,4,x,x,o,8,1979
We Are Family,Sister Sledge,5,x,x,o,8,1979
We Are Family,Sister Sledge,6,x,x,o,8,1979
We Are Family,Sister Sledge,7,x,x,o,8,1979
We Are Family,Sister Sledge,8,x,x,o,8,1979
Don’t Leave Me This Way,Thelma Houston,1,o,x,o,5,1976
Don’t Leave Me This Way,Thelma Houston,2,o,x,o,5,1976
Don’t Leave Me This Way,Thelma Houston,3,o,x,o,5,1976
Don’t Leave Me This Way,Thelma Houston,4,o,x,o,5,1976
Don’t Leave Me This Way,Thelma Houston,5,o,x,o,5,1976
I Wanna Dance With Somebody (Who Loves Me),Whitney Houston,1,x,x,o,11,1987
I Wanna Dance With Somebody (Who Loves Me),Whitney Houston,2,x,x,o,11,1987
I Wanna Dance With Somebody (Who Loves Me),Whitney Houston,3,x,x,o,11,1987
I Wanna Dance With Somebody (Who Loves Me),Whitney Houston,4,x,x,o,11,1987
I Wanna Dance With Somebody (Who Loves Me),Whitney Houston,5,x,x,o,11,1987
I Wanna Dance With Somebody (Who Loves Me),Whitney Houston,6,o,x,o,11,1987
I Wanna Dance With Somebody (Who Loves Me),Whitney Houston,7,x,x,o,11,1987
I Wanna Dance With Somebody (Who Loves Me),Whitney Houston,8,o,x,x,11,1987
I Wanna Dance With Somebody (Who Loves Me),Whitney Houston,9,o,x,o,11,1987
I Wanna Dance With Somebody (Who Loves Me),Whitney Houston,10,x,x,o,11,1987
I Wanna Dance With Somebody (Who Loves Me),Whitney Houston,11,x,x,o,11,1987
If I Can’t Have You,Yvonne Elliman,1,o,x,o,5,1977
If I Can’t Have You,Yvonne Elliman,2,o,x,o,5,1977
If I Can’t Have You,Yvonne Elliman,3,o,x,o,5,1977
If I Can’t Have You,Yvonne Elliman,4,o,x,o,5,1977
If I Can’t Have You,Yvonne Elliman,5,o,x,o,5,1977
